lab_report_date,health_district,number_of_pcr_testing,number_of_positive_pcr_testing,total_number_of_testing,total_number_of_positive,Positivity_pcr_tests,Positivity_tot_tests,Positivity_pcr_7day
2020-07-07,Alexandria,260,23,288,27,0.08846,0.09375,0.08846
2020-07-08,Lenowisco,90,3,98,3,0.03333,0.03061,0.03333
2020-07-08,Henrico,917,104,994,107,0.11341,0.10765,0.11341
2020-07-08,Hampton,327,27,341,27,0.08257,0.07918,0.08257
2020-07-08,Fairfax,1753,84,2275,113,0.04792,0.04967,0.04792
2020-07-08,Eastern Shore,69,2,69,2,0.02899,0.02899,0.02899
2020-07-08,Cumberland Plateau,78,7,86,7,0.08974,0.0814,0.08974
2020-07-08,Chickahominy,209,10,233,10,0.04785,0.04292,0.04785
2020-07-08,Chesterfield,630,57,727,59,0.09048,0.08116,0.09048
2020-07-08,Chesapeake,555,74,622,78,0.13333,0.1254,0.13333
2020-07-08,Central Virginia,232,14,263,15,0.06034,0.05703,0.06034
2020-07-08,Central Shenandoah,889,24,923,25,0.027,0.02709,0.027
2020-07-08,Arlington,335,19,450,21,0.05672,0.04667,0.05672
2020-07-08,Alleghany,338,16,381,18,0.04734,0.04724,0.04734
2020-07-08,Alexandria,212,15,272,20,0.07075,0.07353,0.0796
2020-07-08,West Piedmont,137,16,148,16,0.11679,0.10811,0.11679
2020-07-08,Lord Fairfax,490,42,527,43,0.08571,0.08159,0.08571
2020-07-08,Loudoun,640,34,782,39,0.05312,0.04987,0.05312
2020-07-08,Crater,208,23,227,23,0.11058,0.10132,0.11058
2020-07-08,New River,374,12,385,12,0.03209,0.03117,0.03209
2020-07-08,Western Tidewater,495,36,514,36,0.07273,0.07004,0.07273
2020-07-08,Mount Rogers,227,19,242,21,0.0837,0.08678,0.0837
2020-07-08,Virginia Beach,932,82,1025,85,0.08798,0.08293,0.08798
2020-07-08,Three Rivers,351,35,381,35,0.09972,0.09186,0.09972
2020-07-08,Thomas Jefferson,599,42,693,45,0.07012,0.06494,0.07012
2020-07-08,Southside,248,7,251,7,0.02823,0.02789,0.02823
2020-07-08,Richmond,438,41,483,43,0.09361,0.08903,0.09361
2020-07-08,Rappahannock Rapidan,202,12,254,22,0.05941,0.08661,0.05941
2020-07-08,Roanoke,842,67,903,68,0.07957,0.0753,0.07957
2020-07-08,Prince William,1011,72,1147,79,0.07122,0.06888,0.07122
2020-07-08,Portsmouth,256,21,265,21,0.08203,0.07925,0.08203
2020-07-08,Pittsylvania-Danville,912,15,920,16,0.01645,0.01739,0.01645
2020-07-08,Piedmont,195,11,204,12,0.05641,0.05882,0.05641
2020-07-08,Peninsula,709,43,788,45,0.06065,0.05711,0.06065
2020-07-08,Norfolk,603,82,621,82,0.13599,0.13205,0.13599
2020-07-08,Rappahannock,353,22,445,26,0.06232,0.05843,0.06232
2020-07-09,Henrico,717,38,779,40,0.053,0.05135,0.08321
2020-07-09,Crater,321,29,339,30,0.09034,0.0885,0.10046
2020-07-09,Hampton,198,18,221,18,0.09091,0.08145,0.08674
2020-07-09,Fairfax,1220,78,1607,101,0.06393,0.06285,0.05593
2020-07-09,Eastern Shore,47,1,47,1,0.02128,0.02128,0.02513
2020-07-09,Cumberland Plateau,152,4,155,4,0.02632,0.02581,0.05803
2020-07-09,Chickahominy,168,10,196,10,0.05952,0.05102,0.05368
2020-07-09,Alexandria,232,17,291,18,0.07328,0.06186,0.0775
2020-07-09,Chesapeake,376,45,426,48,0.11968,0.11268,0.12651
2020-07-09,Central Virginia,727,20,743,20,0.02751,0.02692,0.04392
2020-07-09,Central Shenandoah,634,20,659,23,0.03155,0.0349,0.02928
2020-07-09,Arlington,326,14,411,19,0.04294,0.04623,0.04983
2020-07-09,Alleghany,361,25,380,25,0.06925,0.06579,0.05829
2020-07-09,West Piedmont,123,13,128,13,0.10569,0.10156,0.11124
2020-07-09,Lenowisco,48,2,52,2,0.04167,0.03846,0.0375
2020-07-09,Chesterfield,623,38,710,40,0.061,0.05634,0.07574
2020-07-09,Lord Fairfax,418,33,446,33,0.07895,0.07399,0.08233
2020-07-09,Rappahannock,744,24,806,26,0.03226,0.03226,0.04729
2020-07-09,Mount Rogers,228,6,243,7,0.02632,0.02881,0.05501
2020-07-09,Loudoun,474,26,630,33,0.05485,0.05238,0.05399
2020-07-09,Virginia Beach,728,79,792,81,0.10852,0.10227,0.09825
2020-07-09,Three Rivers,162,6,179,7,0.03704,0.03911,0.06838
2020-07-09,Thomas Jefferson,376,29,429,30,0.07713,0.06993,0.07362
2020-07-09,Southside,83,6,100,6,0.07229,0.06,0.05026
2020-07-09,Roanoke,707,63,726,63,0.08911,0.08678,0.08434
2020-07-09,Richmond,532,18,573,21,0.03383,0.03665,0.06372
2020-07-09,Rappahannock Rapidan,139,13,178,19,0.09353,0.10674,0.07647
2020-07-09,Western Tidewater,163,11,180,11,0.06748,0.06111,0.07011
2020-07-09,Prince William,614,51,726,57,0.08306,0.07851,0.07714
2020-07-09,Portsmouth,379,38,386,38,0.10026,0.09845,0.09115
2020-07-09,Pittsylvania-Danville,91,11,95,11,0.12088,0.11579,0.06867
2020-07-09,Piedmont,167,9,170,9,0.05389,0.05294,0.05515
2020-07-09,Peninsula,559,26,636,26,0.04651,0.04088,0.05358
2020-07-09,Norfolk,712,139,731,140,0.19522,0.19152,0.16561
2020-07-09,New River,136,1,149,2,0.00735,0.01342,0.01972
2020-08-01,Piedmont,125,5,131,5,0.04,0.03817,0.0501
2020-08-01,Pittsylvania-Danville,161,19,167,20,0.11801,0.11976,0.08511
2020-08-01,Portsmouth,357,49,366,51,0.13725,0.13934,0.10651
2020-08-01,Prince William,757,70,816,83,0.09247,0.10172,0.08225
2020-08-01,Rappahannock,458,25,488,29,0.05459,0.05943,0.04972
2020-08-01,Rappahannock Rapidan,185,12,204,21,0.06486,0.10294,0.0726
2020-08-01,Richmond,421,20,434,21,0.04751,0.04839,0.05832
2020-08-01,Thomas Jefferson,580,20,589,20,0.03448,0.03396,0.06058
2020-08-01,Southside,128,7,132,7,0.05469,0.05303,0.05174
2020-08-01,Peninsula,794,50,811,50,0.06297,0.06165,0.05671
2020-08-01,Three Rivers,154,7,163,8,0.04545,0.04908,0.06074
2020-08-01,Virginia Beach,927,93,959,95,0.10032,0.09906,0.09894
2020-08-01,Western Tidewater,282,30,287,31,0.10638,0.10801,0.0822
2020-08-01,West Piedmont,96,20,99,21,0.20833,0.21212,0.1436
2020-08-01,Roanoke,215,14,215,14,0.06512,0.06512,0.07793
2020-08-01,Norfolk,524,47,529,47,0.08969,0.08885,0.1403
2020-08-01,Alexandria,268,11,294,13,0.04104,0.04422,0.06838
2020-08-01,Mount Rogers,291,18,297,20,0.06186,0.06734,0.05729
2020-08-01,New River,125,5,132,5,0.04,0.03788,0.02648
2020-08-01,Arlington,439,17,474,21,0.03872,0.0443,0.04613
2020-08-01,Central Shenandoah,338,10,345,11,0.02959,0.03188,0.02938
2020-08-01,Central Virginia,571,26,579,26,0.04553,0.04491,0.04446
2020-08-01,Chesapeake,544,66,558,67,0.12132,0.12007,0.12478
2020-08-01,Chesterfield,584,48,632,56,0.08219,0.08861,0.07789
2020-08-01,Chickahominy,190,5,203,5,0.02632,0.02463,0.04456
2020-08-01,Crater,301,26,309,29,0.08638,0.09385,0.09577
2020-08-01,Alleghany,119,1,131,2,0.0084,0.01527,0.04166
2020-08-01,Eastern Shore,192,4,194,4,0.02083,0.02062,0.0237
2020-08-01,Fairfax,1773,89,1950,107,0.0502,0.05487,0.05402
2020-08-01,Hampton,219,19,224,21,0.08676,0.09375,0.08675
2020-08-01,Henrico,791,46,823,51,0.05815,0.06197,0.07485
2020-08-01,Lenowisco,111,14,114,14,0.12613,0.12281,0.06704
2020-08-01,Lord Fairfax,399,16,409,17,0.0401,0.04156,0.06825
2020-08-01,Cumberland Plateau,87,6,89,6,0.06897,0.06742,0.06168
2020-08-01,Loudoun,534,27,596,36,0.05056,0.0604,0.05284
2020-08-02,Lord Fairfax,367,7,373,7,0.01907,0.01877,0.05596
2020-08-02,Lenowisco,130,13,134,15,0.1,0.11194,0.07528
2020-08-02,Henrico,365,32,382,34,0.08767,0.08901,0.07806
2020-08-02,Hampton,227,19,228,19,0.0837,0.08333,0.08599
2020-08-02,Fairfax,1569,83,1699,98,0.0529,0.05768,0.05374
2020-08-02,Eastern Shore,88,4,89,4,0.04545,0.04494,0.02914
2020-08-02,Chesterfield,316,35,352,37,0.11076,0.10511,0.08611
2020-08-02,Crater,185,8,196,11,0.04324,0.05612,0.08264
2020-08-02,Chickahominy,125,8,128,9,0.064,0.07031,0.04942
2020-08-02,Chesapeake,408,54,420,55,0.13235,0.13095,0.12667
2020-08-02,Central Virginia,602,57,615,57,0.09468,0.09268,0.05701
2020-08-02,Central Shenandoah,222,8,234,9,0.03604,0.03846,0.03105
2020-08-02,Arlington,515,22,540,23,0.04272,0.04259,0.04528
2020-08-02,Loudoun,405,29,443,34,0.0716,0.07675,0.05753
2020-08-02,Cumberland Plateau,72,3,72,3,0.04167,0.04167,0.05668
2020-08-02,Mount Rogers,201,19,205,19,0.09453,0.09268,0.0666
2020-08-02,Rappahannock Rapidan,205,9,214,12,0.0439,0.05607,0.06542
2020-08-02,Norfolk,602,68,609,68,0.11296,0.11166,0.13347
2020-08-02,West Piedmont,155,18,161,19,0.11613,0.11801,0.13673
2020-08-02,Western Tidewater,350,56,357,57,0.16,0.15966,0.10165
2020-08-02,Virginia Beach,1089,82,1112,84,0.0753,0.07554,0.09303
2020-08-02,Three Rivers,190,12,194,12,0.06316,0.06186,0.06134
2020-08-02,Thomas Jefferson,356,24,365,24,0.06742,0.06575,0.06229
2020-08-02,Southside,75,6,75,6,0.08,0.08,0.0588
2020-08-02,New River,100,6,109,7,0.06,0.06422,0.03486
2020-08-02,Roanoke,331,15,354,17,0.04532,0.04802,0.06978
2020-08-02,Rappahannock,436,31,457,32,0.0711,0.07002,0.05507
2020-08-02,Prince William,797,72,827,75,0.09034,0.09069,0.08427
2020-08-02,Portsmouth,362,45,363,45,0.12431,0.12397,0.11096
2020-08-02,Pittsylvania-Danville,210,14,213,14,0.06667,0.06573,0.0805
2020-08-02,Piedmont,73,3,77,3,0.0411,0.03896,0.04785
2020-08-02,Peninsula,585,49,602,50,0.08376,0.08306,0.06347
2020-08-02,Richmond,175,16,187,17,0.09143,0.09091,0.0666
2020-08-02,Alleghany,188,6,193,6,0.03191,0.03109,0.03923
2020-08-02,Alexandria,232,11,245,11,0.04741,0.0449,0.06419
2020-08-03,Alleghany,117,6,117,6,0.05128,0.05128,0.04164
2020-08-03,Loudoun,579,24,590,26,0.04145,0.04407,0.05432
2020-08-03,Lord Fairfax,256,6,257,6,0.02344,0.02335,0.04945
2020-08-03,Lenowisco,40,5,41,5,0.125,0.12195,0.08523
2020-08-03,Henrico,900,55,907,62,0.06111,0.06836,0.07467
2020-08-03,Hampton,162,18,163,18,0.11111,0.11043,0.09101
2020-08-03,Eastern Shore,40,0,42,0,0.0,0.0,0.02331
2020-08-03,Cumberland Plateau,129,27,129,27,0.2093,0.2093,0.0872
2020-08-03,Crater,255,22,255,22,0.08627,0.08627,0.08336
2020-08-03,Chickahominy,240,12,241,13,0.05,0.05394,0.04954
2020-08-03,Chesterfield,726,56,729,59,0.07713,0.08093,0.08431
2020-08-03,Chesapeake,336,42,336,42,0.125,0.125,0.12634
2020-08-03,Central Virginia,214,16,214,16,0.07477,0.07477,0.06057
2020-08-03,Central Shenandoah,231,14,233,14,0.06061,0.06009,0.03696
2020-08-03,Arlington,395,18,407,19,0.04557,0.04668,0.04533
2020-08-03,Alexandria,248,9,255,9,0.03629,0.03529,0.05954
2020-08-03,Mount Rogers,169,16,177,23,0.09467,0.12994,0.07222
2020-08-03,New River,170,20,170,20,0.11765,0.11765,0.05142
2020-08-03,Fairfax,1922,66,1973,71,0.03434,0.03599,0.04986
2020-08-03,Peninsula,484,27,484,27,0.05579,0.05579,0.06194
2020-08-03,Norfolk,547,53,547,53,0.09689,0.09689,0.12615
2020-08-03,West Piedmont,107,8,107,8,0.07477,0.07477,0.12434
2020-08-03,Western Tidewater,255,45,255,45,0.17647,0.17647,0.11661
2020-08-03,Virginia Beach,802,54,804,56,0.06733,0.06965,0.08789
2020-08-03,Three Rivers,196,6,197,6,0.03061,0.03046,0.0552
2020-08-03,Southside,53,5,53,5,0.09434,0.09434,0.06591
2020-08-03,Roanoke,383,8,385,8,0.02089,0.02078,0.06
2020-08-03,Thomas Jefferson,375,18,382,18,0.048,0.04712,0.05943
2020-08-03,Rappahannock Rapidan,145,10,146,10,0.06897,0.06849,0.06613
2020-08-03,Rappahannock,497,36,498,36,0.07243,0.07229,0.05854
2020-08-03,Prince William,877,77,889,80,0.0878,0.08999,0.08498
2020-08-03,Portsmouth,212,28,212,28,0.13208,0.13208,0.11519
2020-08-03,Pittsylvania-Danville,184,78,184,78,0.42391,0.42391,0.14918
2020-08-03,Piedmont,67,3,68,4,0.04478,0.05882,0.04724
2020-08-03,Richmond,447,37,447,37,0.08277,0.08277,0.06983
2020-08-04,Peninsula,277,32,281,33,0.11552,0.11744,0.07087
2020-08-04,Rappahannock,343,15,359,17,0.04373,0.04735,0.05607
2020-08-04,Piedmont,100,8,101,8,0.08,0.07921,0.0527
2020-08-04,Pittsylvania-Danville,132,22,132,22,0.16667,0.16667,0.1521
2020-08-04,Portsmouth,85,10,85,10,0.11765,0.11765,0.1156
2020-08-04,Prince William,497,41,535,56,0.08249,0.10467,0.08456
2020-08-04,Rappahannock Rapidan,181,10,196,16,0.05525,0.08163,0.06432
2020-08-04,West Piedmont,118,19,120,21,0.16102,0.175,0.13045
2020-08-04,Roanoke,217,13,218,13,0.05991,0.05963,0.05999
2020-08-04,Southside,107,8,108,8,0.07477,0.07407,0.06739
2020-08-04,Thomas Jefferson,446,18,452,18,0.04036,0.03982,0.05625
2020-08-04,Three Rivers,124,7,125,8,0.05645,0.064,0.05541
2020-08-04,Virginia Beach,767,41,779,43,0.05346,0.0552,0.08215
2020-08-04,Western Tidewater,124,22,126,22,0.17742,0.1746,0.12675
2020-08-04,Norfolk,318,39,321,39,0.12264,0.1215,0.12557
2020-08-04,Richmond,264,19,272,25,0.07197,0.09191,0.07019
2020-08-04,New River,283,10,283,10,0.03534,0.03534,0.04874
2020-08-04,Alexandria,165,14,178,14,0.08485,0.07865,0.06315
2020-08-04,Loudoun,352,24,400,30,0.06818,0.075,0.05663
2020-08-04,Arlington,222,6,236,7,0.02703,0.02966,0.04228
2020-08-04,Central Shenandoah,201,9,201,9,0.04478,0.04478,0.03826
2020-08-04,Central Virginia,460,21,463,22,0.04565,0.04752,0.05808
2020-08-04,Chesapeake,249,27,254,27,0.10843,0.1063,0.12335
2020-08-04,Chesterfield,540,47,558,55,0.08704,0.09857,0.08477
2020-08-04,Chickahominy,142,9,149,11,0.06338,0.07383,0.05185
2020-08-04,Mount Rogers,106,11,113,16,0.10377,0.14159,0.07748
2020-08-04,Crater,219,28,219,28,0.12785,0.12785,0.09078
2020-08-04,Eastern Shore,39,3,39,3,0.07692,0.07692,0.03224
2020-08-04,Fairfax,1186,63,1287,78,0.05312,0.06061,0.0504
2020-08-04,Hampton,129,10,133,10,0.07752,0.07519,0.08876
2020-08-04,Henrico,483,39,497,43,0.08075,0.08652,0.07568
2020-08-04,Lenowisco,107,8,110,8,0.07477,0.07273,0.08348
2020-08-04,Lord Fairfax,500,6,511,7,0.012,0.0137,0.04321
2020-08-04,Cumberland Plateau,84,8,85,8,0.09524,0.09412,0.08854
2020-08-04,Alleghany,153,7,153,7,0.04575,0.04575,0.04232
2020-08-05,Alexandria,270,14,321,25,0.05185,0.07788,0.05792
2020-08-05,Alleghany,177,5,187,5,0.02825,0.02674,0.04031
2020-08-05,West Piedmont,206,47,214,51,0.22816,0.23832,0.14441
2020-08-05,Arlington,383,15,452,19,0.03916,0.04204,0.04184
2020-08-05,Central Shenandoah,646,17,661,18,0.02632,0.02723,0.03656
2020-08-05,Central Virginia,620,66,632,66,0.10645,0.10443,0.06499
2020-08-05,Chesapeake,526,63,564,68,0.11977,0.12057,0.12284
2020-08-05,Chesterfield,614,33,652,36,0.05375,0.05521,0.08034
2020-08-05,Chickahominy,233,10,247,13,0.04292,0.05263,0.05057
2020-08-05,Crater,250,30,269,34,0.12,0.12639,0.09495
2020-08-05,Cumberland Plateau,70,4,76,5,0.05714,0.06579,0.08405
2020-08-05,Fairfax,1609,72,1901,99,0.04475,0.05208,0.04959
2020-08-05,Hampton,263,25,272,27,0.09506,0.09926,0.08966
2020-08-05,Henrico,871,44,902,52,0.05052,0.05765,0.07209
2020-08-05,Lenowisco,153,30,161,32,0.19608,0.19876,0.09957
2020-08-05,Lord Fairfax,373,14,391,17,0.03753,0.04348,0.0424
2020-08-05,Loudoun,597,18,678,22,0.03015,0.03245,0.05284
2020-08-05,Mount Rogers,253,37,270,46,0.14625,0.17037,0.0873
2020-08-05,Eastern Shore,88,4,92,4,0.04545,0.04348,0.03413
2020-08-05,Norfolk,839,74,855,76,0.0882,0.08889,0.12023
2020-08-05,New River,349,17,354,17,0.04871,0.04802,0.04873
2020-08-05,Western Tidewater,555,57,563,57,0.1027,0.10124,0.12331
2020-08-05,Virginia Beach,1033,93,1079,98,0.09003,0.09082,0.08328
2020-08-05,Three Rivers,244,22,254,22,0.09016,0.08661,0.06037
2020-08-05,Thomas Jefferson,560,35,592,37,0.0625,0.0625,0.05714
2020-08-05,Roanoke,213,9,229,10,0.04225,0.04367,0.05745
2020-08-05,Richmond,357,21,375,21,0.05882,0.056,0.06856
2020-08-05,Southside,255,13,269,15,0.05098,0.05576,0.06504
2020-08-05,Rappahannock,571,28,616,35,0.04904,0.05682,0.05507
2020-08-05,Prince William,798,70,898,94,0.08772,0.10468,0.08501
2020-08-05,Portsmouth,476,33,479,34,0.06933,0.07098,0.10899
2020-08-05,Pittsylvania-Danville,277,33,282,33,0.11913,0.11702,0.14739
2020-08-05,Piedmont,162,9,193,27,0.05556,0.1399,0.05311
2020-08-05,Peninsula,684,65,709,66,0.09503,0.09309,0.07432
2020-08-05,Rappahannock Rapidan,241,17,272,24,0.07054,0.08824,0.06521
2020-08-06,Henrico,534,40,549,46,0.07491,0.08379,0.06659
2020-08-06,Crater,482,44,485,44,0.09129,0.09072,0.0922
2020-08-06,Hampton,243,31,245,31,0.12757,0.12653,0.09609
2020-08-06,Fairfax,2062,95,2249,122,0.04607,0.05425,0.04933
2020-08-06,Eastern Shore,84,4,84,4,0.04762,0.04762,0.03679
2020-08-06,Cumberland Plateau,130,9,133,10,0.06923,0.07519,0.08112
2020-08-06,Chickahominy,143,12,154,13,0.08392,0.08442,0.05572
2020-08-06,West Piedmont,197,20,202,21,0.10152,0.10396,0.14223
2020-08-06,Chesapeake,514,86,525,86,0.16732,0.16381,0.1277
2020-08-06,Central Virginia,1002,50,1007,50,0.0499,0.04965,0.0635
2020-08-06,Central Shenandoah,343,16,352,16,0.04665,0.04545,0.03936
2020-08-06,Arlington,510,24,558,27,0.04706,0.04839,0.04046
2020-08-06,Alleghany,233,10,240,13,0.04292,0.05417,0.03968
2020-08-06,Alexandria,293,19,322,19,0.06485,0.05901,0.05708
2020-08-06,Lenowisco,78,17,79,17,0.21795,0.21519,0.12594
2020-08-06,Chesterfield,677,61,720,71,0.0901,0.09861,0.08028
2020-08-06,Lord Fairfax,290,11,304,14,0.03793,0.04605,0.03557
2020-08-06,Western Tidewater,367,42,370,42,0.11444,0.11351,0.12927
2020-08-06,Mount Rogers,235,27,251,30,0.11489,0.11952,0.09176
2020-08-06,Virginia Beach,747,87,780,89,0.11647,0.1141,0.08735
2020-08-06,Three Rivers,224,17,228,17,0.07589,0.07456,0.05697
2020-08-06,Thomas Jefferson,512,32,529,33,0.0625,0.06238,0.05606
2020-08-06,Southside,264,9,268,10,0.03409,0.03731,0.06588
2020-08-06,Loudoun,660,40,732,46,0.06061,0.06284,0.05391
2020-08-06,Richmond,348,28,359,29,0.08046,0.08078,0.06668
2020-08-06,Rappahannock Rapidan,216,16,248,30,0.07407,0.12097,0.0673
2020-08-06,Roanoke,474,13,487,15,0.02743,0.0308,0.05
2020-08-06,Prince William,955,87,1020,96,0.0911,0.09412,0.08785
2020-08-06,Portsmouth,181,37,181,37,0.20442,0.20442,0.12647
2020-08-06,Pittsylvania-Danville,357,16,362,17,0.04482,0.04696,0.15144
2020-08-06,Piedmont,197,17,203,17,0.08629,0.08374,0.05737
2020-08-06,Peninsula,660,49,666,49,0.07424,0.07357,0.07626
2020-08-06,Norfolk,466,54,479,57,0.11588,0.119,0.11735
2020-08-06,New River,171,12,171,12,0.07018,0.07018,0.05418
2020-08-06,Rappahannock,480,48,514,51,0.1,0.09922,0.06045
2020-08-07,Lenowisco,164,30,171,30,0.18293,0.17544,0.14612
2020-08-07,Henrico,917,106,945,112,0.11559,0.11852,0.07553
2020-08-07,Hampton,186,14,189,14,0.07527,0.07407,0.09386
2020-08-07,Fairfax,1551,89,1735,104,0.05738,0.05994,0.04839
2020-08-07,Eastern Shore,83,8,85,8,0.09639,0.09412,0.04752
2020-08-07,Cumberland Plateau,146,7,147,7,0.04795,0.04762,0.08421
2020-08-07,Crater,364,40,369,40,0.10989,0.1084,0.09499
2020-08-07,Alleghany,312,8,323,10,0.02564,0.03096,0.03345
2020-08-07,Chesapeake,552,53,568,55,0.09601,0.09683,0.12431
2020-08-07,Central Virginia,639,68,649,68,0.10642,0.10478,0.07477
2020-08-07,Central Shenandoah,612,27,624,28,0.04412,0.04487,0.04116
2020-08-07,Arlington,438,20,481,23,0.04566,0.04782,0.04085
2020-08-07,Lord Fairfax,330,25,345,27,0.07576,0.07826,0.03512
2020-08-07,Alexandria,268,16,311,21,0.0597,0.06752,0.05514
2020-08-07,Chickahominy,307,13,326,13,0.04235,0.03988,0.05327
2020-08-07,Loudoun,589,29,628,31,0.04924,0.04936,0.05311
2020-08-07,Chesterfield,765,102,810,111,0.13333,0.13704,0.09061
2020-08-07,New River,314,10,338,28,0.03185,0.08284,0.05768
2020-08-07,Mount Rogers,396,31,406,33,0.07828,0.08128,0.09918
2020-08-07,West Piedmont,236,40,245,45,0.16949,0.18367,0.15135
2020-08-07,Western Tidewater,339,47,348,47,0.13864,0.13506,0.13944
2020-08-07,Three Rivers,153,22,161,23,0.14379,0.14286,0.07222
2020-08-07,Thomas Jefferson,672,38,688,40,0.05655,0.05814,0.05312
2020-08-07,Southside,106,8,112,11,0.07547,0.09821,0.06633
2020-08-07,Roanoke,927,55,937,56,0.05933,0.05977,0.04575
2020-08-07,Richmond,613,81,626,82,0.13214,0.13099,0.08073
2020-08-07,Virginia Beach,810,84,838,87,0.1037,0.10382,0.08666
2020-08-07,Rappahannock,478,32,506,34,0.06695,0.06719,0.06541
2020-08-07,Prince William,840,71,886,76,0.08452,0.08578,0.08806
2020-08-07,Portsmouth,242,29,245,29,0.11983,0.11837,0.12927
2020-08-07,Pittsylvania-Danville,247,30,253,30,0.12146,0.11858,0.15152
2020-08-07,Piedmont,166,8,173,11,0.04819,0.06358,0.05656
2020-08-07,Peninsula,567,36,578,37,0.06349,0.06401,0.07869
2020-08-07,Rappahannock Rapidan,252,14,269,18,0.05556,0.06691,0.06188
2020-08-07,Norfolk,502,49,516,52,0.09761,0.10078,0.10341
2020-08-08,Henrico,773,46,804,51,0.05951,0.06343,0.07572
2020-08-08,Hampton,265,23,273,23,0.08679,0.08425,0.09386
2020-08-08,Fairfax,2317,107,2487,123,0.04618,0.04946,0.04782
2020-08-08,Eastern Shore,77,3,79,3,0.03896,0.03797,0.05011
2020-08-08,Cumberland Plateau,78,16,81,16,0.20513,0.19753,0.10367
2020-08-08,Crater,295,30,303,32,0.10169,0.10561,0.09718
2020-08-08,Chesapeake,520,66,541,68,0.12692,0.12569,0.12511
2020-08-08,Chesterfield,661,34,693,35,0.05144,0.05051,0.08622
2020-08-08,Lenowisco,113,18,118,20,0.15929,0.16949,0.15086
2020-08-08,Central Virginia,487,38,490,40,0.07803,0.08163,0.07941
2020-08-08,Central Shenandoah,305,8,316,8,0.02623,0.02532,0.04068
2020-08-08,Arlington,483,15,521,16,0.03106,0.03071,0.03975
2020-08-08,Alleghany,140,3,146,4,0.02143,0.0274,0.03531
2020-08-08,Alexandria,351,19,373,21,0.05413,0.0563,0.05701
2020-08-08,Chickahominy,251,10,271,10,0.03984,0.0369,0.0552
2020-08-08,Lord Fairfax,378,6,392,6,0.01587,0.01531,0.03166
2020-08-08,Norfolk,481,36,491,37,0.07484,0.07536,0.10129
2020-08-08,Mount Rogers,249,15,252,15,0.06024,0.05952,0.09895
2020-08-08,West Piedmont,169,22,170,22,0.13018,0.12941,0.14018
2020-08-08,Western Tidewater,402,33,408,33,0.08209,0.08088,0.13597
2020-08-08,Virginia Beach,846,75,868,78,0.08865,0.08986,0.08499
2020-08-08,Three Rivers,268,20,277,22,0.07463,0.07942,0.07638
2020-08-08,Thomas Jefferson,350,13,362,14,0.03714,0.03867,0.0535
2020-08-08,Southside,136,9,138,10,0.06618,0.07246,0.06798
2020-08-08,Roanoke,590,20,602,20,0.0339,0.03322,0.04129
2020-08-08,Richmond,480,39,500,39,0.08125,0.078,0.08555
2020-08-08,Rappahannock Rapidan,195,12,207,14,0.06154,0.06763,0.0614
2020-08-08,Rappahannock,511,39,539,44,0.07632,0.08163,0.06851
2020-08-08,Portsmouth,385,46,388,47,0.11948,0.12113,0.12673
2020-08-08,Pittsylvania-Danville,187,17,189,17,0.09091,0.08995,0.14765
2020-08-08,Piedmont,103,2,106,2,0.01942,0.01887,0.05362
2020-08-08,Peninsula,1193,32,1213,35,0.02682,0.02885,0.07352
2020-08-08,New River,114,5,121,6,0.04386,0.04959,0.05823
2020-08-08,Loudoun,704,37,752,43,0.05256,0.05718,0.0534
2020-08-08,Prince William,820,58,865,63,0.07073,0.07283,0.08496
2020-08-09,Alexandria,277,16,289,16,0.05776,0.05536,0.05849
2020-08-09,Rappahannock,403,36,438,40,0.08933,0.09132,0.07111
2020-08-09,Norfolk,543,41,545,41,0.07551,0.07523,0.09594
2020-08-09,Piedmont,140,8,146,8,0.05714,0.05479,0.05591
2020-08-09,Pittsylvania-Danville,156,13,156,13,0.08333,0.08333,0.15003
2020-08-09,Portsmouth,283,36,284,36,0.12721,0.12676,0.12714
2020-08-09,Prince William,573,45,607,50,0.07853,0.08237,0.08327
2020-08-09,Rappahannock Rapidan,197,7,210,12,0.03553,0.05714,0.06021
2020-08-09,New River,91,3,92,3,0.03297,0.03261,0.05437
2020-08-09,Richmond,235,26,248,30,0.11064,0.12097,0.08829
2020-08-09,Southside,128,12,131,12,0.09375,0.0916,0.06994
2020-08-09,Thomas Jefferson,308,25,314,25,0.08117,0.07962,0.05546
2020-08-09,Three Rivers,197,13,206,13,0.06599,0.06311,0.07679
2020-08-09,Virginia Beach,887,51,908,51,0.0575,0.05617,0.08245
2020-08-09,Western Tidewater,301,41,307,41,0.13621,0.13355,0.13257
2020-08-09,West Piedmont,122,15,127,16,0.12295,0.12598,0.14116
2020-08-09,Roanoke,987,56,998,56,0.05674,0.05611,0.04292
2020-08-09,Mount Rogers,211,13,215,13,0.06161,0.06047,0.09424
2020-08-09,Peninsula,598,47,607,48,0.0786,0.07908,0.07278
2020-08-09,Lord Fairfax,351,16,358,16,0.04558,0.04469,0.03544
2020-08-09,Alleghany,88,2,88,2,0.02273,0.02273,0.034
2020-08-09,Arlington,397,20,420,21,0.05038,0.05,0.04085
2020-08-09,Central Shenandoah,372,15,384,16,0.04032,0.04167,0.04129
2020-08-09,Central Virginia,392,38,399,38,0.09694,0.09524,0.07974
2020-08-09,Chesapeake,428,62,442,68,0.14486,0.15385,0.1269
2020-08-09,Loudoun,546,41,592,47,0.07509,0.07939,0.0539
2020-08-09,Chickahominy,182,11,198,12,0.06044,0.06061,0.05469
2020-08-09,Crater,314,65,320,66,0.20701,0.20625,0.12057
2020-08-09,Chesterfield,587,44,626,49,0.07496,0.07827,0.08111
2020-08-09,Eastern Shore,48,3,48,3,0.0625,0.0625,0.05255
2020-08-09,Fairfax,1594,106,1678,118,0.0665,0.07032,0.04976
2020-08-09,Hampton,316,30,321,30,0.09494,0.09346,0.09547
2020-08-09,Henrico,500,46,532,51,0.092,0.09586,0.07634
2020-08-09,Lenowisco,170,24,171,24,0.14118,0.14035,0.15674
2020-08-09,Cumberland Plateau,73,7,77,7,0.09589,0.09091,0.11141
2020-08-10,Lord Fairfax,303,3,304,3,0.0099,0.00987,0.03351
2020-08-10,Crater,258,18,258,18,0.06977,0.06977,0.11821
2020-08-10,Lenowisco,93,13,95,13,0.13978,0.13684,0.15885
2020-08-10,Henrico,560,32,564,36,0.05714,0.06383,0.07577
2020-08-10,Hampton,183,16,186,16,0.08743,0.08602,0.09208
2020-08-10,Fairfax,1579,65,1607,77,0.04117,0.04792,0.05074
2020-08-10,Eastern Shore,48,6,48,6,0.125,0.125,0.07041
2020-08-10,Chickahominy,186,5,190,9,0.02688,0.04737,0.05139
2020-08-10,Cumberland Plateau,33,3,33,3,0.09091,0.09091,0.0945
2020-08-10,Chesapeake,377,41,379,41,0.10875,0.10818,0.12458
2020-08-10,Central Virginia,114,8,115,8,0.07018,0.06957,0.07908
2020-08-10,Central Shenandoah,427,11,427,11,0.02576,0.02576,0.03631
2020-08-10,Arlington,363,22,366,22,0.06061,0.06011,0.04299
2020-08-10,Alleghany,60,2,60,2,0.03333,0.03333,0.03144
2020-08-10,Alexandria,204,14,208,17,0.06863,0.08173,0.06311
2020-08-10,Loudoun,444,18,456,22,0.04054,0.04825,0.05377
2020-08-10,Chesterfield,472,22,477,27,0.04661,0.0566,0.07675
2020-08-10,Mount Rogers,115,10,124,18,0.08696,0.14516,0.09314
2020-08-10,Richmond,445,18,445,18,0.04045,0.04045,0.08225
2020-08-10,Norfolk,326,31,326,31,0.09509,0.09509,0.09568
2020-08-10,New River,287,26,288,26,0.09059,0.09028,0.0505
2020-08-10,Western Tidewater,303,44,303,44,0.14521,0.14521,0.1281
2020-08-10,Virginia Beach,692,54,694,54,0.07803,0.07781,0.08398
2020-08-10,Three Rivers,159,14,159,14,0.08805,0.08805,0.08499
2020-08-10,Thomas Jefferson,397,19,400,20,0.04786,0.05,0.05544
2020-08-10,Southside,66,5,66,5,0.07576,0.07576,0.06729
2020-08-10,Roanoke,545,13,548,13,0.02385,0.02372,0.04334
2020-08-10,West Piedmont,46,10,46,10,0.21739,0.21739,0.16153
2020-08-10,Rappahannock,418,33,423,34,0.07895,0.08038,0.07205
2020-08-10,Prince William,703,58,723,69,0.0825,0.09544,0.08251
2020-08-10,Portsmouth,301,39,301,39,0.12957,0.12957,0.12678
2020-08-10,Pittsylvania-Danville,49,10,49,10,0.20408,0.20408,0.11863
2020-08-10,Piedmont,137,5,139,6,0.0365,0.04317,0.05473
2020-08-10,Peninsula,389,25,390,25,0.06427,0.0641,0.074
2020-08-10,Rappahannock Rapidan,200,7,201,8,0.035,0.0398,0.05536
2020-08-11,Loudoun,559,29,611,33,0.05188,0.05401,0.05144
2020-08-11,Lord Fairfax,365,16,377,16,0.04384,0.04244,0.03806
2020-08-11,Lenowisco,118,35,120,35,0.29661,0.29167,0.19055
2020-08-11,Henrico,559,25,580,26,0.04472,0.04483,0.07063
2020-08-11,Hampton,193,10,205,10,0.05181,0.04878,0.08841
2020-08-11,Fairfax,1731,89,1901,105,0.05142,0.05523,0.0505
2020-08-11,Eastern Shore,36,3,39,3,0.08333,0.07692,0.07132
2020-08-11,Cumberland Plateau,89,2,89,2,0.02247,0.02247,0.0841
2020-08-11,Chesapeake,518,64,543,68,0.12355,0.12523,0.12674
2020-08-11,Chickahominy,207,10,214,13,0.04831,0.06075,0.04924
2020-08-11,Chesterfield,511,29,534,37,0.05675,0.06929,0.07242
2020-08-11,Central Virginia,363,18,365,18,0.04959,0.04932,0.07964
2020-08-11,Central Shenandoah,392,22,400,22,0.05612,0.055,0.03793
2020-08-11,Arlington,412,16,444,16,0.03883,0.03604,0.04468
2020-08-11,Alexandria,289,6,319,8,0.02076,0.02508,0.05395
2020-08-11,Crater,271,17,277,17,0.06273,0.06137,0.10891
2020-08-11,Mount Rogers,149,11,165,24,0.07383,0.14545,0.08887
2020-08-11,Alleghany,87,1,90,1,0.01149,0.01111,0.02654
2020-08-11,Norfolk,406,25,423,26,0.06158,0.06147,0.08696
2020-08-11,New River,584,35,584,35,0.05993,0.05993,0.05401
2020-08-11,West Piedmont,98,27,98,27,0.27551,0.27551,0.17789
2020-08-11,Western Tidewater,161,25,170,25,0.15528,0.14706,0.12494
2020-08-11,Virginia Beach,751,39,791,41,0.05193,0.05183,0.08376
2020-08-11,Three Rivers,147,9,155,9,0.06122,0.05806,0.08568
2020-08-11,Southside,95,5,97,5,0.05263,0.05155,0.06412
2020-08-11,Roanoke,555,23,567,24,0.04144,0.04233,0.04071
2020-08-11,Thomas Jefferson,415,37,425,37,0.08916,0.08706,0.06241
2020-08-11,Rappahannock Rapidan,191,8,207,10,0.04188,0.04831,0.05345
2020-08-11,Rappahannock,402,30,426,32,0.07463,0.07512,0.07646
2020-08-11,Prince William,709,52,764,62,0.07334,0.08115,0.08121
2020-08-11,Portsmouth,168,15,169,15,0.08929,0.08876,0.12273
2020-08-11,Pittsylvania-Danville,93,16,93,16,0.17204,0.17204,0.1194
2020-08-11,Piedmont,96,6,96,6,0.0625,0.0625,0.05223
2020-08-11,Peninsula,374,33,396,33,0.08824,0.08333,0.0701
2020-08-11,Richmond,367,19,373,21,0.05177,0.0563,0.07936
2020-08-12,Fairfax,1756,118,1999,138,0.0672,0.06903,0.0537
2020-08-12,Loudoun,513,22,590,30,0.04288,0.05085,0.05326
2020-08-12,Lord Fairfax,646,32,656,35,0.04954,0.05335,0.03977
2020-08-12,Lenowisco,194,27,200,29,0.13918,0.145,0.18242
2020-08-12,Henrico,805,51,848,54,0.06335,0.06368,0.07246
2020-08-12,Hampton,269,22,274,22,0.08178,0.08029,0.08651
2020-08-12,Eastern Shore,101,8,102,8,0.07921,0.07843,0.07614
2020-08-12,Arlington,456,33,493,39,0.07237,0.07911,0.04942
2020-08-12,Crater,316,25,326,26,0.07911,0.07975,0.10307
2020-08-12,Chickahominy,178,13,197,16,0.07303,0.08122,0.05354
2020-08-12,Chesterfield,615,30,671,36,0.04878,0.05365,0.07171
2020-08-12,Chesapeake,509,61,530,62,0.11984,0.11698,0.12675
2020-08-12,Central Virginia,875,78,887,79,0.08914,0.08906,0.07717
2020-08-12,Central Shenandoah,455,13,466,15,0.02857,0.03219,0.03825
2020-08-12,Mount Rogers,247,25,261,37,0.10121,0.14176,0.08243
2020-08-12,Cumberland Plateau,57,2,60,3,0.03509,0.05,0.08095
2020-08-12,New River,336,3,346,3,0.00893,0.00867,0.04833
2020-08-12,Alexandria,285,16,325,20,0.05614,0.06154,0.05457
2020-08-12,Peninsula,662,49,676,50,0.07402,0.07396,0.0671
2020-08-12,Alleghany,248,11,264,13,0.04435,0.04924,0.02884
2020-08-12,West Piedmont,215,38,219,40,0.17674,0.18265,0.17054
2020-08-12,Western Tidewater,503,46,506,47,0.09145,0.09289,0.12333
2020-08-12,Virginia Beach,775,46,815,52,0.05935,0.0638,0.07938
2020-08-12,Thomas Jefferson,573,35,588,35,0.06108,0.05952,0.06221
2020-08-12,Southside,146,11,150,11,0.07534,0.07333,0.0676
2020-08-12,Roanoke,495,40,500,40,0.08081,0.08,0.04621
2020-08-12,Three Rivers,387,18,398,18,0.04651,0.04523,0.07944
2020-08-12,Rappahannock Rapidan,221,8,245,11,0.0362,0.0449,0.04854
2020-08-12,Rappahannock,626,45,650,50,0.07188,0.07692,0.07972
2020-08-12,Prince William,938,88,1008,95,0.09382,0.09425,0.08208
2020-08-12,Portsmouth,427,54,431,55,0.12646,0.12761,0.13089
2020-08-12,Pittsylvania-Danville,256,35,264,35,0.13672,0.13258,0.12191
2020-08-12,Piedmont,120,5,131,5,0.04167,0.03817,0.05024
2020-08-12,Richmond,342,19,362,23,0.05556,0.06354,0.0789
2020-08-12,Norfolk,653,55,666,58,0.08423,0.08709,0.08639
2020-08-13,Crater,330,18,343,21,0.05455,0.06122,0.09782
2020-08-13,Henrico,822,60,864,66,0.07299,0.07639,0.07219
2020-08-13,Hampton,222,21,225,21,0.09459,0.09333,0.0818
2020-08-13,Fairfax,2071,111,2283,127,0.0536,0.05563,0.05478
2020-08-13,Eastern Shore,107,4,108,4,0.03738,0.03704,0.07468
2020-08-13,Cumberland Plateau,98,2,101,2,0.02041,0.0198,0.07398
2020-08-13,West Piedmont,166,28,169,31,0.16867,0.18343,0.18013
2020-08-13,Chesapeake,471,40,485,41,0.08493,0.08454,0.11498
2020-08-13,Central Virginia,731,34,732,34,0.04651,0.04645,0.07669
2020-08-13,Central Shenandoah,517,18,525,20,0.03482,0.0381,0.03656
2020-08-13,Arlington,664,24,707,27,0.03614,0.03819,0.04786
2020-08-13,Alleghany,212,12,216,13,0.0566,0.06019,0.0308
2020-08-13,Alexandria,409,29,437,33,0.0709,0.07551,0.05543
2020-08-13,Lenowisco,182,12,187,13,0.06593,0.06952,0.1607
2020-08-13,Chesterfield,758,58,803,62,0.07652,0.07721,0.06977
2020-08-13,Lord Fairfax,370,23,394,23,0.06216,0.05838,0.04324
2020-08-13,Chickahominy,314,27,327,28,0.08599,0.08563,0.05383
2020-08-13,Mount Rogers,433,25,447,34,0.05774,0.07606,0.07427
2020-08-13,Western Tidewater,345,37,351,37,0.10725,0.10541,0.1223
2020-08-13,Virginia Beach,823,65,859,69,0.07898,0.08033,0.07402
2020-08-13,Three Rivers,207,10,216,10,0.04831,0.0463,0.0755
2020-08-13,Thomas Jefferson,555,28,570,29,0.05045,0.05088,0.06049
2020-08-13,Southside,147,10,152,12,0.06803,0.07895,0.07245
2020-08-13,Richmond,456,42,466,46,0.09211,0.09871,0.08056
2020-08-13,Rappahannock Rapidan,208,10,230,13,0.04808,0.05652,0.04483
2020-08-13,Roanoke,387,13,396,13,0.03359,0.03283,0.04709
2020-08-13,Prince William,781,60,847,65,0.07682,0.07674,0.08004
2020-08-13,Portsmouth,372,47,374,47,0.12634,0.12567,0.11974
2020-08-13,Pittsylvania-Danville,266,38,269,38,0.14286,0.14126,0.13591
2020-08-13,Piedmont,151,12,154,12,0.07947,0.07792,0.04927
2020-08-13,Peninsula,626,54,651,54,0.08626,0.08295,0.06881
2020-08-13,Norfolk,488,52,497,53,0.10656,0.10664,0.08506
2020-08-13,New River,393,15,395,15,0.03817,0.03797,0.04376
2020-08-13,Rappahannock,446,29,470,30,0.06502,0.06383,0.07473
2020-08-13,Loudoun,695,39,773,43,0.05612,0.05563,0.05262
2020-08-14,Eastern Shore,182,4,182,4,0.02198,0.02198,0.06405
2020-08-14,Lord Fairfax,328,9,339,10,0.02744,0.0295,0.03633
2020-08-14,Lenowisco,160,31,170,32,0.19375,0.18824,0.16225
2020-08-14,Henrico,820,54,864,58,0.06585,0.06713,0.06508
2020-08-14,Hampton,223,15,229,15,0.06726,0.0655,0.08066
2020-08-14,Fairfax,2123,156,2344,182,0.07348,0.07765,0.05708
2020-08-14,Arlington,596,41,639,46,0.06879,0.07199,0.05117
2020-08-14,Crater,368,28,373,28,0.07609,0.07507,0.09299
2020-08-14,Chickahominy,224,12,243,14,0.05357,0.05761,0.05544
2020-08-14,Chesterfield,750,53,789,54,0.07067,0.06844,0.06082
2020-08-14,Chesapeake,570,61,588,62,0.10702,0.10544,0.11655
2020-08-14,Central Virginia,579,53,582,53,0.09154,0.09107,0.07456
2020-08-14,Central Shenandoah,635,22,642,22,0.03465,0.03427,0.03521
2020-08-14,Loudoun,596,32,646,34,0.05369,0.05263,0.05325
2020-08-14,Cumberland Plateau,126,7,127,7,0.05556,0.05512,0.07507
2020-08-14,Mount Rogers,273,12,282,13,0.04396,0.0461,0.06936
2020-08-14,Rappahannock Rapidan,273,15,301,27,0.05495,0.0897,0.04474
2020-08-14,Norfolk,745,66,755,67,0.08859,0.08874,0.08377
2020-08-14,West Piedmont,71,22,74,23,0.30986,0.31081,0.20019
2020-08-14,Western Tidewater,418,58,432,60,0.13876,0.13889,0.12232
2020-08-14,Virginia Beach,819,57,851,58,0.0696,0.06816,0.06915
2020-08-14,Three Rivers,348,13,357,13,0.03736,0.03641,0.0603
2020-08-14,Thomas Jefferson,495,39,509,41,0.07879,0.08055,0.06366
2020-08-14,Southside,130,8,130,8,0.06154,0.06154,0.07046
2020-08-14,New River,218,22,223,26,0.10092,0.11659,0.05362
2020-08-14,Roanoke,445,22,449,22,0.04944,0.049,0.04568
2020-08-14,Rappahannock,449,38,469,42,0.08463,0.08955,0.07725
2020-08-14,Prince William,794,86,837,96,0.10831,0.1147,0.08344
2020-08-14,Portsmouth,273,32,274,32,0.11722,0.11679,0.11937
2020-08-14,Pittsylvania-Danville,163,18,165,18,0.11043,0.10909,0.13434
2020-08-14,Piedmont,144,8,151,9,0.05556,0.0596,0.05032
2020-08-14,Peninsula,768,47,784,49,0.0612,0.0625,0.06849
2020-08-14,Richmond,648,27,667,33,0.04167,0.04948,0.06764
2020-08-14,Alexandria,308,19,337,20,0.06169,0.05935,0.05572
2020-08-14,Alleghany,223,7,230,8,0.03139,0.03478,0.03162
2020-08-15,Crater,194,14,204,14,0.07216,0.06863,0.08877
2020-08-15,Loudoun,503,23,561,29,0.04573,0.05169,0.05228
2020-08-15,Lord Fairfax,567,15,585,16,0.02646,0.02735,0.03785
2020-08-15,Lenowisco,121,12,130,15,0.09917,0.11538,0.15366
2020-08-15,Henrico,528,43,555,48,0.08144,0.08649,0.06821
2020-08-15,Hampton,179,13,183,13,0.07263,0.07104,0.07863
2020-08-15,Fairfax,1288,56,1478,68,0.04348,0.04601,0.05669
2020-08-15,Mount Rogers,268,15,275,16,0.05597,0.05818,0.06875
2020-08-15,Eastern Shore,109,2,109,2,0.01835,0.01835,0.06111
2020-08-15,Chickahominy,167,11,181,14,0.06587,0.07735,0.05916
2020-08-15,Chesterfield,449,27,484,28,0.06013,0.05785,0.06206
2020-08-15,Chesapeake,370,55,391,58,0.14865,0.14834,0.11966
2020-08-15,Central Virginia,548,35,551,36,0.06387,0.06534,0.07254
2020-08-15,Central Shenandoah,277,22,283,24,0.07942,0.08481,0.04281
2020-08-15,Arlington,329,10,369,11,0.0304,0.02981,0.05107
2020-08-15,Cumberland Plateau,65,4,67,4,0.06154,0.0597,0.05455
2020-08-15,New River,810,13,815,13,0.01605,0.01595,0.04965
2020-08-15,Norfolk,494,42,502,42,0.08502,0.08367,0.08523
2020-08-15,Peninsula,496,27,514,29,0.05444,0.05642,0.07243
2020-08-15,West Piedmont,184,18,186,19,0.09783,0.10215,0.19556
2020-08-15,Western Tidewater,410,41,421,43,0.1,0.10214,0.12488
2020-08-15,Virginia Beach,752,56,770,59,0.07447,0.07662,0.06712
2020-08-15,Three Rivers,162,10,171,11,0.06173,0.06433,0.05845
2020-08-15,Thomas Jefferson,365,15,376,15,0.0411,0.03989,0.06423
2020-08-15,Southside,60,3,66,4,0.05,0.06061,0.06815
2020-08-15,Alexandria,194,13,217,15,0.06701,0.06912,0.05756
2020-08-15,Roanoke,868,29,878,30,0.03341,0.03417,0.04561
2020-08-15,Rappahannock Rapidan,251,7,270,10,0.02789,0.03704,0.03993
2020-08-15,Rappahannock,323,24,352,24,0.0743,0.06818,0.07696
2020-08-15,Prince William,655,64,715,72,0.09771,0.1007,0.08729
2020-08-15,Portsmouth,216,25,219,25,0.11574,0.11416,0.11883
2020-08-15,Pittsylvania-Danville,227,29,230,29,0.12775,0.12609,0.1396
2020-08-15,Piedmont,116,6,124,6,0.05172,0.04839,0.05494
2020-08-15,Richmond,424,16,437,18,0.03774,0.04119,0.06142
2020-08-15,Alleghany,181,9,187,9,0.04972,0.04813,0.03566
2020-08-16,Alexandria,327,17,340,18,0.05199,0.05294,0.05673
2020-08-16,Alleghany,123,8,134,9,0.06504,0.06716,0.0417
2020-08-16,Western Tidewater,313,44,317,45,0.14058,0.14196,0.1255
2020-08-16,Lord Fairfax,235,10,243,10,0.04255,0.04115,0.03741
2020-08-16,Lenowisco,292,16,294,16,0.05479,0.05442,0.14132
2020-08-16,Henrico,465,19,490,21,0.04086,0.04286,0.06091
2020-08-16,Hampton,143,8,145,8,0.05594,0.05517,0.07306
2020-08-16,Fairfax,1511,86,1609,94,0.05692,0.05842,0.05532
2020-08-16,West Piedmont,86,7,89,7,0.0814,0.07865,0.18963
2020-08-16,Loudoun,432,33,464,35,0.07639,0.07543,0.05246
2020-08-16,Cumberland Plateau,77,5,77,5,0.06494,0.06494,0.05013
2020-08-16,Chickahominy,141,6,153,7,0.04255,0.04575,0.0566
2020-08-16,Chesterfield,400,30,443,43,0.075,0.09707,0.06207
2020-08-16,Chesapeake,311,21,322,21,0.06752,0.06522,0.10861
2020-08-16,Central Virginia,477,41,485,42,0.08595,0.0866,0.07097
2020-08-16,Central Shenandoah,321,16,323,16,0.04984,0.04954,0.04417
2020-08-16,Arlington,374,26,396,27,0.06952,0.06818,0.05381
2020-08-16,Crater,319,34,324,34,0.10658,0.10494,0.07443
2020-08-16,Mount Rogers,234,23,236,23,0.09829,0.09746,0.07399
2020-08-16,Eastern Shore,72,2,72,2,0.02778,0.02778,0.05615
2020-08-16,Norfolk,330,26,337,27,0.07879,0.08012,0.08569
2020-08-16,Virginia Beach,809,34,834,38,0.04203,0.04556,0.06491
2020-08-16,Three Rivers,131,4,136,4,0.03053,0.02941,0.05339
2020-08-16,Thomas Jefferson,287,18,296,18,0.06272,0.06081,0.06159
2020-08-16,Southside,146,9,148,9,0.06164,0.06081,0.06356
2020-08-16,Roanoke,172,13,182,13,0.07558,0.07143,0.0483
2020-08-16,New River,885,5,895,5,0.00565,0.00559,0.04575
2020-08-16,Richmond,428,15,440,16,0.03505,0.03636,0.05062
2020-08-16,Rappahannock,347,31,367,34,0.08934,0.09264,0.07696
2020-08-16,Prince William,617,59,647,62,0.09562,0.09583,0.08973
2020-08-16,Portsmouth,187,22,189,23,0.11765,0.12169,0.11747
2020-08-16,Pittsylvania-Danville,166,17,168,17,0.10241,0.10119,0.14233
2020-08-16,Piedmont,129,8,135,8,0.06202,0.05926,0.05563
2020-08-16,Peninsula,441,29,450,30,0.06576,0.06667,0.0706
2020-08-16,Rappahannock Rapidan,231,14,239,16,0.06061,0.06695,0.04352
2020-08-17,Eastern Shore,33,0,33,0,0.0,0.0,0.03829
2020-08-17,Fairfax,1511,94,1546,98,0.06221,0.06339,0.05833
2020-08-17,Lenowisco,51,6,52,7,0.11765,0.13462,0.13815
2020-08-17,Henrico,589,35,598,40,0.05942,0.06689,0.06123
2020-08-17,Cumberland Plateau,36,3,36,3,0.08333,0.08333,0.04905
2020-08-17,Hampton,191,17,191,17,0.08901,0.08901,0.07329
2020-08-17,Crater,223,19,224,19,0.0852,0.08482,0.07663
2020-08-17,Alexandria,307,14,312,16,0.0456,0.05128,0.05344
2020-08-17,Chesterfield,478,29,483,33,0.06067,0.06832,0.06407
2020-08-17,Chesapeake,405,52,406,52,0.1284,0.12808,0.11142
2020-08-17,Central Virginia,152,21,155,21,0.13816,0.13548,0.08068
2020-08-17,Central Shenandoah,238,14,238,14,0.05882,0.05882,0.04889
2020-08-17,Arlington,328,20,333,21,0.06098,0.06306,0.05386
2020-08-17,Lord Fairfax,215,13,217,14,0.06047,0.06452,0.04464
2020-08-17,Chickahominy,203,4,207,6,0.0197,0.02899,0.05557
2020-08-17,Loudoun,447,33,458,37,0.07383,0.08079,0.05722
2020-08-17,West Piedmont,76,18,78,20,0.23684,0.25641,0.19241
2020-08-17,New River,1018,4,1021,6,0.00393,0.00588,0.03337
2020-08-17,Mount Rogers,84,8,90,12,0.09524,0.13333,0.07518
2020-08-17,Western Tidewater,316,37,316,37,0.11709,0.11709,0.12149
2020-08-17,Virginia Beach,658,61,664,61,0.09271,0.09187,0.06701
2020-08-17,Three Rivers,150,3,154,5,0.02,0.03247,0.04367
2020-08-17,Thomas Jefferson,366,16,374,17,0.04372,0.04545,0.061
2020-08-17,Southside,91,8,91,8,0.08791,0.08791,0.0653
2020-08-17,Roanoke,655,14,666,16,0.02137,0.02402,0.04795
2020-08-17,Richmond,553,21,555,23,0.03797,0.04144,0.05027
2020-08-17,Alleghany,42,3,44,4,0.07143,0.09091,0.04715
2020-08-17,Rappahannock,352,29,362,31,0.08239,0.08564,0.07746
2020-08-17,Prince William,616,55,635,66,0.08929,0.10394,0.0907
2020-08-17,Portsmouth,190,25,192,25,0.13158,0.13021,0.11775
2020-08-17,Pittsylvania-Danville,65,12,65,12,0.18462,0.18462,0.13955
2020-08-17,Piedmont,124,3,124,3,0.02419,0.02419,0.05388
2020-08-17,Peninsula,381,37,384,37,0.09711,0.09635,0.07529
2020-08-17,Rappahannock Rapidan,174,13,181,19,0.07471,0.10497,0.04919
2020-08-17,Norfolk,388,36,390,36,0.09278,0.09231,0.08536
2020-08-18,Henrico,365,16,375,20,0.04384,0.05333,0.06111
2020-08-18,Hampton,99,9,103,11,0.09091,0.1068,0.07887
2020-08-18,Fairfax,1462,64,1579,80,0.04378,0.05066,0.05724
2020-08-18,Eastern Shore,45,3,45,3,0.06667,0.06667,0.03591
2020-08-18,Cumberland Plateau,75,1,75,1,0.01333,0.01333,0.04774
2020-08-18,Crater,218,21,219,21,0.09633,0.09589,0.08143
2020-08-18,Chesapeake,249,34,265,34,0.13655,0.1283,0.11327
2020-08-18,Chesterfield,400,27,408,32,0.0675,0.07843,0.06561
2020-08-18,Lenowisco,122,3,132,6,0.02459,0.04545,0.09929
2020-08-18,Central Virginia,260,37,260,37,0.14231,0.14231,0.09393
2020-08-18,Central Shenandoah,272,7,276,8,0.02574,0.02899,0.04455
2020-08-18,Arlington,251,11,282,17,0.04382,0.06028,0.05457
2020-08-18,Alleghany,124,7,125,7,0.05645,0.056,0.05357
2020-08-18,Alexandria,184,10,197,10,0.05435,0.05076,0.05824
2020-08-18,Chickahominy,131,8,133,8,0.06107,0.06015,0.0574
2020-08-18,Lord Fairfax,304,14,313,14,0.04605,0.04473,0.04495
2020-08-18,Norfolk,415,26,420,29,0.06265,0.06905,0.08552
2020-08-18,Mount Rogers,126,9,144,26,0.07143,0.18056,0.07483
2020-08-18,West Piedmont,144,26,145,27,0.18056,0.18621,0.17884
2020-08-18,Western Tidewater,161,22,164,23,0.13665,0.14024,0.11883
2020-08-18,Virginia Beach,411,21,420,22,0.05109,0.05238,0.06689
2020-08-18,Three Rivers,170,6,170,6,0.03529,0.03529,0.03996
2020-08-18,Thomas Jefferson,457,33,462,33,0.07221,0.07143,0.05858
2020-08-18,Southside,77,5,77,5,0.06494,0.06494,0.06706
2020-08-18,Roanoke,615,25,620,25,0.04065,0.04032,0.04784
2020-08-18,Richmond,247,14,253,15,0.05668,0.05929,0.05097
2020-08-18,Rappahannock Rapidan,186,48,201,56,0.25806,0.27861,0.08007
2020-08-18,Rappahannock,314,15,326,15,0.04777,0.04601,0.07362
2020-08-18,Portsmouth,117,16,120,17,0.13675,0.14167,0.12453
2020-08-18,Pittsylvania-Danville,113,15,113,15,0.13274,0.13274,0.13393
2020-08-18,Piedmont,77,5,78,5,0.06494,0.0641,0.05422
2020-08-18,Peninsula,224,32,229,33,0.14286,0.1441,0.08309
2020-08-18,New River,1147,14,1147,14,0.01221,0.01221,0.02655
2020-08-18,Loudoun,387,14,427,19,0.03618,0.0445,0.05497
2020-08-18,Prince William,569,40,597,43,0.0703,0.07203,0.09027
2020-08-19,Alexandria,287,21,306,22,0.07317,0.0719,0.06067
2020-08-19,West Piedmont,120,20,122,20,0.16667,0.16393,0.1774
2020-08-19,Lord Fairfax,603,16,618,16,0.02653,0.02589,0.04167
2020-08-19,Lenowisco,85,3,92,3,0.03529,0.03261,0.08445
2020-08-19,Henrico,600,36,627,39,0.06,0.0622,0.06063
2020-08-19,Hampton,185,20,191,20,0.10811,0.10471,0.08264
2020-08-19,Fairfax,1854,108,2074,130,0.05825,0.06268,0.05596
2020-08-19,Eastern Shore,62,1,62,1,0.01613,0.01613,0.0269
2020-08-19,Loudoun,672,33,752,41,0.04911,0.05452,0.05586
2020-08-19,Cumberland Plateau,44,5,49,6,0.11364,0.12245,0.05896
2020-08-19,Chickahominy,202,13,222,14,0.06436,0.06306,0.05616
2020-08-19,Chesterfield,503,32,543,38,0.06362,0.06998,0.06773
2020-08-19,Chesapeake,481,51,497,53,0.10603,0.10664,0.1113
2020-08-19,Central Virginia,631,51,640,51,0.08082,0.07969,0.09274
2020-08-19,Central Shenandoah,245,11,259,11,0.0449,0.04247,0.04688
2020-08-19,Arlington,500,21,560,26,0.042,0.04643,0.05024
2020-08-19,Crater,260,25,271,25,0.09615,0.09225,0.08387
2020-08-19,Mount Rogers,154,12,168,22,0.07792,0.13095,0.07151
2020-08-19,Alleghany,172,19,185,20,0.11047,0.10811,0.06301
2020-08-19,Norfolk,624,47,631,48,0.07532,0.07607,0.08424
2020-08-19,Western Tidewater,343,34,351,34,0.09913,0.09687,0.11992
2020-08-19,Virginia Beach,791,63,822,66,0.07965,0.08029,0.06979
2020-08-19,Three Rivers,214,9,225,10,0.04206,0.04444,0.03933
2020-08-19,Thomas Jefferson,545,24,562,25,0.04404,0.04448,0.05615
2020-08-19,New River,1064,14,1075,18,0.01316,0.01674,0.02716
2020-08-19,Roanoke,409,24,419,25,0.05868,0.05967,0.04467
2020-08-19,Richmond,426,22,441,24,0.05164,0.05442,0.05041
2020-08-19,Southside,163,18,167,19,0.11043,0.11377,0.07207
2020-08-19,Rappahannock,590,46,620,47,0.07797,0.07581,0.07449
2020-08-19,Prince William,1014,69,1086,80,0.06805,0.07366,0.08659
2020-08-19,Portsmouth,282,27,285,27,0.09574,0.09474,0.12015
2020-08-19,Pittsylvania-Danville,209,21,214,21,0.10048,0.09813,0.12876
2020-08-19,Piedmont,126,5,129,6,0.03968,0.04651,0.05394
2020-08-19,Peninsula,516,54,531,56,0.10465,0.10546,0.08747
2020-08-19,Rappahannock Rapidan,209,12,236,19,0.05742,0.08051,0.0831
2020-08-20,Peninsula,602,40,612,41,0.06645,0.06699,0.08464
2020-08-20,Piedmont,145,13,149,13,0.08966,0.08725,0.0554
2020-08-20,Pittsylvania-Danville,217,29,217,29,0.13364,0.13364,0.12744
2020-08-20,Portsmouth,305,28,307,28,0.0918,0.09121,0.11521
2020-08-20,Prince William,650,41,708,52,0.06308,0.07345,0.08462
2020-08-20,Rappahannock,524,21,548,25,0.04008,0.04562,0.07093
2020-08-20,Western Tidewater,439,61,446,61,0.13895,0.13677,0.12445
2020-08-20,Richmond,637,34,657,35,0.05338,0.05327,0.04488
2020-08-20,Roanoke,521,43,532,44,0.08253,0.08271,0.05167
2020-08-20,Southside,87,8,96,9,0.09195,0.09375,0.07549
2020-08-20,Thomas Jefferson,555,40,564,41,0.07207,0.0727,0.05924
2020-08-20,Three Rivers,236,10,245,10,0.04237,0.04082,0.03848
2020-08-20,Virginia Beach,896,48,922,51,0.05357,0.05531,0.06616
2020-08-20,Norfolk,545,44,554,44,0.08073,0.07942,0.08055
2020-08-20,Rappahannock Rapidan,201,9,218,15,0.04478,0.06881,0.08263
2020-08-20,New River,1161,31,1170,31,0.0267,0.0265,0.02552
2020-08-20,Eastern Shore,82,5,82,5,0.06098,0.06098,0.03027
2020-08-20,Loudoun,627,21,689,22,0.03349,0.03193,0.05263
2020-08-20,West Piedmont,172,29,178,30,0.1686,0.16854,0.17739
2020-08-20,Arlington,402,22,444,24,0.05473,0.05405,0.05289
2020-08-20,Central Shenandoah,521,15,527,15,0.02879,0.02846,0.04602
2020-08-20,Central Virginia,662,64,677,64,0.09668,0.09453,0.0999
2020-08-20,Chesapeake,412,42,426,42,0.10194,0.09859,0.11373
2020-08-20,Chesterfield,555,34,591,38,0.06126,0.0643,0.06555
2020-08-20,Mount Rogers,271,31,289,40,0.11439,0.13841,0.0796
2020-08-20,Chickahominy,200,8,210,9,0.04,0.04286,0.04959
2020-08-20,Cumberland Plateau,76,2,86,4,0.02632,0.04651,0.05981
2020-08-20,Fairfax,1501,85,1726,106,0.05663,0.06141,0.05639
2020-08-20,Hampton,199,17,204,18,0.08543,0.08824,0.08133
2020-08-20,Henrico,595,67,618,69,0.11261,0.11165,0.06629
2020-08-20,Lenowisco,135,10,147,11,0.07407,0.07483,0.08562
2020-08-20,Lord Fairfax,493,14,503,14,0.0284,0.02783,0.03684
2020-08-20,Crater,282,31,291,31,0.10993,0.10653,0.09178
2020-08-20,Alleghany,231,11,244,13,0.04762,0.05328,0.06173
2020-08-20,Alexandria,270,17,289,17,0.06296,0.05882,0.05954
2020-08-21,Alexandria,260,18,278,23,0.06923,0.08273,0.06062
2020-08-21,West Piedmont,132,19,137,19,0.14394,0.13869,0.15369
2020-08-21,Western Tidewater,248,29,256,31,0.11694,0.12109,0.12133
2020-08-21,Virginia Beach,762,35,790,36,0.04593,0.04557,0.06278
2020-08-21,Three Rivers,166,10,175,10,0.06024,0.05714,0.04175
2020-08-21,Thomas Jefferson,479,25,492,26,0.05219,0.05285,0.05544
2020-08-21,Southside,105,6,106,6,0.05714,0.0566,0.07486
2020-08-21,Roanoke,510,33,517,33,0.06471,0.06383,0.05385
2020-08-21,Richmond,1117,29,1129,29,0.02596,0.02569,0.04263
2020-08-21,Rappahannock Rapidan,335,6,358,15,0.01791,0.0419,0.07734
2020-08-21,Rappahannock,468,30,491,30,0.0641,0.0611,0.06799
2020-08-21,Prince William,596,52,656,68,0.08725,0.10366,0.08161
2020-08-21,Portsmouth,192,27,193,27,0.14062,0.1399,0.11855
2020-08-21,Pittsylvania-Danville,197,24,198,24,0.12183,0.12121,0.12907
2020-08-21,Piedmont,125,6,126,6,0.048,0.04762,0.05432
2020-08-21,Arlington,425,18,484,19,0.04235,0.03926,0.04911
2020-08-21,Peninsula,793,53,817,54,0.06683,0.0661,0.08544
2020-08-21,New River,1195,28,1207,29,0.02343,0.02403,0.01445
2020-08-21,Mount Rogers,242,20,248,21,0.08264,0.08468,0.08513
2020-08-21,Loudoun,452,26,508,36,0.05752,0.07087,0.05318
2020-08-21,Lord Fairfax,347,14,354,15,0.04035,0.04237,0.03869
2020-08-21,Lenowisco,237,12,244,13,0.05063,0.05328,0.06517
2020-08-21,Henrico,814,42,846,43,0.0516,0.05083,0.06425
2020-08-21,Hampton,239,14,241,14,0.05858,0.05809,0.08009
2020-08-21,Fairfax,1403,87,1606,98,0.06201,0.06102,0.05475
2020-08-21,Eastern Shore,70,1,70,1,0.01429,0.01429,0.02917
2020-08-21,Cumberland Plateau,49,1,51,1,0.02041,0.01961,0.05479
2020-08-21,Crater,196,25,209,29,0.12755,0.13876,0.09913
2020-08-21,Chickahominy,213,6,231,7,0.02817,0.0303,0.04596
2020-08-21,Chesterfield,583,56,637,63,0.09605,0.0989,0.06918
2020-08-21,Chesapeake,306,39,319,39,0.12745,0.12226,0.11665
2020-08-21,Norfolk,369,35,378,36,0.09485,0.09524,0.08145
2020-08-21,Alleghany,160,13,174,14,0.08125,0.08046,0.06885
2020-08-21,Central Shenandoah,216,10,228,12,0.0463,0.05263,0.04769
2020-08-21,Central Virginia,332,48,335,48,0.14458,0.14328,0.10748
2020-08-22,Norfolk,552,42,563,44,0.07609,0.07815,0.08017
2020-08-22,Peninsula,462,37,471,37,0.08009,0.07856,0.08911
2020-08-22,Piedmont,164,14,168,14,0.08537,0.08333,0.05912
2020-08-22,Pittsylvania-Danville,161,20,162,20,0.12422,0.12346,0.12856
2020-08-22,Portsmouth,195,31,196,32,0.15897,0.16327,0.12473
2020-08-22,Prince William,603,52,643,63,0.08624,0.09798,0.07998
2020-08-22,New River,1367,49,1375,49,0.03584,0.03564,0.01727
2020-08-22,Alleghany,173,16,180,16,0.09249,0.08889,0.07496
2020-08-22,Richmond,697,23,706,26,0.033,0.03683,0.04195
2020-08-22,Roanoke,771,17,783,17,0.02205,0.02171,0.05222
2020-08-22,Southside,149,12,154,12,0.08054,0.07792,0.07922
2020-08-22,Thomas Jefferson,394,16,400,16,0.04061,0.04,0.05537
2020-08-22,Three Rivers,161,9,165,9,0.0559,0.05455,0.04091
2020-08-22,Virginia Beach,993,45,1014,47,0.04532,0.04635,0.05861
2020-08-22,Rappahannock Rapidan,172,8,186,13,0.04651,0.06989,0.08
2020-08-22,Rappahannock,375,29,402,35,0.07733,0.08706,0.06843
2020-08-22,Mount Rogers,238,14,244,15,0.05882,0.06148,0.08553
2020-08-22,Lord Fairfax,378,11,386,11,0.0291,0.0285,0.03906
2020-08-22,Lenowisco,164,10,170,11,0.06098,0.06471,0.05971
2020-08-22,Henrico,666,38,681,39,0.05706,0.05727,0.06077
2020-08-22,Hampton,181,17,186,19,0.09392,0.10215,0.08313
2020-08-22,Fairfax,1792,77,1918,83,0.04297,0.04327,0.05468
2020-08-22,Eastern Shore,51,0,52,0,0.0,0.0,0.02655
2020-08-22,Cumberland Plateau,36,2,39,2,0.05556,0.05128,0.05393
2020-08-22,Crater,267,23,276,27,0.08614,0.09783,0.10113
2020-08-22,Chickahominy,265,10,274,11,0.03774,0.04015,0.04194
2020-08-22,Chesterfield,496,39,527,44,0.07863,0.08349,0.07182
2020-08-22,Chesapeake,399,44,414,46,0.11028,0.11111,0.11117
2020-08-22,Central Virginia,447,47,454,47,0.10515,0.10352,0.11338
2020-08-22,Central Shenandoah,267,16,275,16,0.05993,0.05818,0.0449
2020-08-22,Arlington,348,14,370,15,0.04023,0.04054,0.05052
2020-08-22,Loudoun,547,31,592,35,0.05667,0.05912,0.05474
2020-08-22,Alexandria,285,11,311,13,0.0386,0.0418,0.05656
2020-08-22,Western Tidewater,278,30,281,31,0.10791,0.11032,0.12246
2020-08-22,West Piedmont,206,17,208,17,0.08252,0.08173,0.1515
2020-08-23,Norfolk,476,32,484,33,0.06723,0.06818,0.07852
2020-08-23,Peninsula,408,30,427,31,0.07353,0.0726,0.09022
2020-08-23,Piedmont,116,6,117,6,0.05172,0.05128,0.05765
2020-08-23,Pittsylvania-Danville,124,19,125,19,0.15323,0.152,0.13582
2020-08-23,Portsmouth,157,16,158,16,0.10191,0.10127,0.12248
2020-08-23,Prince William,572,54,597,55,0.09441,0.09213,0.0798
2020-08-23,New River,916,25,919,25,0.02729,0.0272,0.02037
2020-08-23,Rappahannock,259,34,276,34,0.13127,0.12319,0.07442
2020-08-23,Richmond,233,9,242,9,0.03863,0.03719,0.04247
2020-08-23,Roanoke,550,72,551,72,0.13091,0.13067,0.06013
2020-08-23,Southside,79,7,79,7,0.08861,0.08861,0.08307
2020-08-23,Thomas Jefferson,303,16,309,16,0.05281,0.05178,0.05395
2020-08-23,Three Rivers,123,11,129,11,0.08943,0.08527,0.04933
2020-08-23,Virginia Beach,705,31,726,33,0.04397,0.04545,0.05889
2020-08-23,Rappahannock Rapidan,134,8,152,13,0.0597,0.08553,0.07987
2020-08-23,Western Tidewater,262,27,268,27,0.10305,0.10075,0.1171
2020-08-23,Alexandria,215,16,231,19,0.07442,0.08225,0.05976
2020-08-23,Lord Fairfax,223,10,228,10,0.04484,0.04386,0.03939
2020-08-23,Alleghany,118,14,122,14,0.11864,0.11475,0.08262
2020-08-23,Arlington,362,13,389,17,0.03591,0.0437,0.04572
2020-08-23,Central Shenandoah,230,17,234,18,0.07391,0.07692,0.04834
2020-08-23,Central Virginia,441,44,445,44,0.09977,0.09888,0.11535
2020-08-23,Chesapeake,360,41,375,44,0.11389,0.11733,0.11779
2020-08-23,Chesterfield,348,20,379,23,0.05747,0.06069,0.06931
2020-08-23,Loudoun,480,29,515,31,0.06042,0.06019,0.05246
2020-08-23,Chickahominy,148,8,155,8,0.05405,0.05161,0.04358
2020-08-23,Cumberland Plateau,68,4,71,4,0.05882,0.05634,0.05306
2020-08-23,Eastern Shore,47,1,48,1,0.02128,0.02083,0.02562
2020-08-23,Fairfax,1299,85,1402,96,0.06543,0.06847,0.0559
2020-08-23,Hampton,101,6,104,6,0.05941,0.05769,0.08362
2020-08-23,Henrico,457,81,476,82,0.17724,0.17227,0.08025
2020-08-23,Lenowisco,145,8,148,9,0.05517,0.06081,0.05977
2020-08-23,Crater,255,27,259,28,0.10588,0.10811,0.10103
2020-08-23,Mount Rogers,306,31,311,31,0.10131,0.09968,0.08596
2020-08-23,West Piedmont,128,12,129,12,0.09375,0.09302,0.15327
2020-08-24,Alleghany,58,9,59,9,0.15517,0.15254,0.09458
2020-08-24,Peninsula,162,19,162,19,0.11728,0.11728,0.0931
2020-08-24,Piedmont,30,2,31,2,0.06667,0.06452,0.06372
2020-08-24,Pittsylvania-Danville,52,7,52,7,0.13462,0.13462,0.12868
2020-08-24,Portsmouth,80,3,80,3,0.0375,0.0375,0.10904
2020-08-24,Prince William,341,30,347,32,0.08798,0.09222,0.07962
2020-08-24,Rappahannock,191,18,195,18,0.09424,0.09231,0.07611
2020-08-24,Norfolk,248,43,249,43,0.17339,0.17269,0.09004
2020-08-24,Rappahannock Rapidan,108,7,108,7,0.06481,0.06481,0.07846
2020-08-24,Roanoke,27,7,27,7,0.25926,0.25926,0.09411
2020-08-24,Southside,21,2,22,2,0.09524,0.09091,0.08412
2020-08-24,Thomas Jefferson,269,10,272,10,0.03717,0.03676,0.05301
2020-08-24,Three Rivers,47,2,47,2,0.04255,0.04255,0.05255
2020-08-24,Virginia Beach,421,27,425,27,0.06413,0.06353,0.05481
2020-08-24,Western Tidewater,158,23,158,23,0.14557,0.14557,0.12117
2020-08-24,Richmond,147,11,147,11,0.07483,0.07483,0.04773
2020-08-24,Alexandria,87,4,89,4,0.04598,0.04494,0.05982
2020-08-24,New River,60,2,61,2,0.03333,0.03279,0.02457
2020-08-24,Loudoun,211,20,216,20,0.09479,0.09259,0.05545
2020-08-24,Arlington,136,2,139,2,0.01471,0.01439,0.03911
2020-08-24,Central Shenandoah,129,13,130,13,0.10078,0.1,0.05434
2020-08-24,Central Virginia,164,17,164,17,0.10366,0.10366,0.11042
2020-08-24,Chesapeake,137,24,138,24,0.17518,0.17391,0.12447
2020-08-24,Chesterfield,268,13,270,14,0.04851,0.05185,0.06758
2020-08-24,Chickahominy,101,12,101,12,0.11881,0.11881,0.05774
2020-08-24,Mount Rogers,39,6,40,7,0.15385,0.175,0.09434
2020-08-24,Crater,129,10,130,10,0.07752,0.07692,0.09993
2020-08-24,Eastern Shore,17,0,17,0,0.0,0.0,0.02562
2020-08-24,Fairfax,665,37,686,40,0.05564,0.05831,0.05496
2020-08-24,Hampton,81,6,83,6,0.07407,0.07229,0.08149
2020-08-24,Henrico,277,21,277,21,0.07581,0.07581,0.08259
2020-08-24,Lenowisco,22,3,22,3,0.13636,0.13636,0.06244
2020-08-24,Lord Fairfax,108,6,110,6,0.05556,0.05455,0.03869
2020-08-24,Cumberland Plateau,17,0,17,0,0.0,0.0,0.04115
2020-08-24,West Piedmont,31,4,32,4,0.12903,0.125,0.13787
